27.607959184,送
27.868956916,你
28.129954649,甜
28.390952381,蜜
28.651972789,的
28.912970522,微
29.173968254,笑
29.433968254,加
29.694965986,一
29.955963719,个
30.216961451,问
30.477959184,号
31.781972789,看
32.042970522,你
32.303968254,能
32.564965986,不
32.825963719,能
33.086961451,解
33.346961451,开
33.607959184,恋
33.868956916,爱
34.129954649,的
34.390952381,暗
34.651972789,号
35.955963719,分
36.216961451,你
36.477959184,一
36.738956916,半
36.999954649,巧
37.259954649,克
37.520952381,力
37.781972789,口
38.042970522,感
38.303968254,刚
38.564965986,刚
38.825963719,好
39.346961451,像
39.607959184,我
39.868956916,们
40.390952381,现
40.912970522,在
41.173968254,暧
41.433968254,昧
41.955963719,没
42.216961451,道
42.477959184,理
42.738956916,抗
42.868956916,拒
42.999954649,的
43.520952381,好
44.303968254,每
44.564965986,分
45.346961451,每
45.607959184,秒
46.390952381,有
46.651972789,你
47.433968254,就
47.694965986,快
47.955963719,乐
48.477959184,一
48.738956916,口
49.520952381,一
49.781972789,口
50.303968254,要
50.564965986,把
50.825963719,爱
51.086961451,吃
51.346961451,掉
52.390952381,爱
52.651972789,上
52.912970522,爱
53.173968254,的
53.433968254,味
53.955963719,道
54.477959184,让
54.738956916,我
54.868956916,脸
54.999954649,红
55.259954649,心
55.520952381,跳
56.564965986,只
56.825963719,有
57.086961451,你
57.346961451,才
57.607959184,知
58.129954649,道
58.651972789,爱
58.912970522,情
59.042970522,美
59.173968254,丽
59.433968254,符
59.694965986,号
60.738956916,爱
60.999954649,上
61.259954649,爱
61.520952381,的
61.781972789,味
62.303968254,道
62.825963719,感
63.086961451,觉
63.216961451,慢
63.346961451,慢
63.607959184,发
63.868956916,酵
64.912970522,蔓
65.173968254,延
65.433968254,天
65.694965986,涯
65.955963719,海
66.477959184,角
66.999954649,一
67.259954649,定
67.390952381,和
67.520952381,你
67.781972789,遇
68.042970522,到
77.694965986,送
77.955963719,你
78.216961451,甜
78.477959184,蜜
78.738956916,的
78.999954649,微
79.259954649,笑
79.520952381,加
79.781972789,一
80.042970522,个
80.303968254,问
80.564965986,号
81.868956916,看
82.129954649,你
82.390952381,能
82.651972789,不
82.912970522,能
83.173968254,解
83.433968254,开
83.694965986,恋
83.955963719,爱
84.216961451,的
84.477959184,暗
84.738956916,号
86.042970522,分
86.303968254,你
86.564965986,一
86.825963719,半
87.086961451,巧
87.346961451,克
87.607959184,力
87.868956916,口
88.129954649,感
88.390952381,刚
88.651972789,刚
88.912970522,好
89.433968254,像
89.694965986,我
89.955963719,们
90.477959184,现
90.999954649,在
91.259954649,暧
91.520952381,昧
92.042970522,没
92.303968254,道
92.564965986,理
92.825963719,抗
92.955963719,拒
93.086961451,的
93.607959184,好
94.390952381,每
94.651972789,分
95.433968254,每
95.694965986,秒
96.477959184,有
96.738956916,你
97.520952381,就
97.781972789,快
98.042970522,乐
98.564965986,一
98.825963719,口
99.607959184,一
99.868956916,口
100.390952381,要
100.651972789,把
100.912970522,爱
101.172970522,吃
101.433968254,掉
102.477959184,爱
102.738956916,上
102.999954649,爱
103.259954649,的
103.520952381,味
104.042970522,道
104.564965986,让
104.825963719,我
104.955963719,脸
105.086961451,红
105.346961451,心
105.607959184,跳
106.651972789,只
106.912970522,有
107.172970522,你
107.433968254,才
107.694965986,知
108.216961451,道
108.738956916,爱
108.999954649,情
109.129954649,美
109.259954649,丽
109.520952381,符
109.781972789,号
110.825963719,爱
111.086961451,上
111.346961451,爱
111.607959184,的
111.868956916,味
112.390952381,道
112.912970522,感
113.172970522,觉
113.303968254,慢
113.433968254,慢
113.694965986,发
113.955963719,酵
114.999954649,蔓
115.259954649,延
115.520952381,天
115.781972789,涯
116.042970522,海
116.564965986,角
117.086961451,一
117.346961451,定
117.477959184,和
117.607959184,你
117.868956916,遇
118.129954649,到
144.216961451,爱
144.477959184,上
144.738956916,爱
144.999954649,的
145.259954649,味
145.781972789,道
146.303968254,让
146.564965986,我
146.694965986,脸
146.825963719,红
147.086961451,心
147.346961451,跳
148.390952381,只
148.651972789,有
148.912970522,你
149.172970522,才
149.433968254,知
149.955963719,道
150.477959184,爱
150.738956916,情
150.868956916,美
150.999954649,丽
151.259954649,符
151.520952381,号
152.564965986,爱
152.825963719,上
153.086961451,爱
153.346961451,的
153.607959184,味
154.129954649,道
154.651972789,感
154.912970522,觉
155.042970522,慢
155.172970522,慢
155.433968254,发
155.694965986,酵
156.738956916,蔓
156.999954649,延
157.259954649,天
157.520952381,涯
157.781972789,海
158.303968254,角
158.825963719,一
159.086961451,定
159.216961451,和
159.346961451,你
159.607959184,遇
159.868956916,到
160.390952381,哦
160.912970522,爱
161.172970522,上
161.433968254,爱
161.694965986,的
161.955963719,味
162.477959184,道
162.999954649,让
163.259954649,我
163.390952381,脸
163.520952381,红
163.781972789,心
164.042970522,跳
165.086961451,只
165.346961451,有
165.607959184,你
165.868956916,才
166.129954649,知
166.651972789,道
167.172970522,爱
167.433968254,情
167.564965986,美
167.694965986,丽
167.955963719,符
168.216961451,号
169.259954649,爱
169.520952381,上
169.781972789,爱
170.042970522,的
170.303968254,味
170.825963719,道
171.346961451,感
171.607959184,觉
171.738956916,慢
171.868956916,慢
172.129954649,发
172.390952381,酵
173.433968254,蔓
173.694965986,延
173.955963719,天
174.216961451,涯
174.477959184,海
174.999954649,角
175.520952381,一
175.781972789,定
175.912970522,和
176.042970522,你
176.303968254,遇
176.564965986,到