11.023582766,贵
11.349591837,重
11.675578231,财
12.001587302,物
12.653582766,要
12.979591837,好
13.312585034,秘
13.632585034,密
16.240589569,你
16.566575964,就
16.892585034,藏
17.219591837,在
17.871587302,我
18.197596372,身
21.458594104,用
21.784580499,电
22.110589569,话
22.436575964,绳
23.088594104,箍
23.414580499,到
23.740589569,颈
24.066575964,背
24.719591837,敏
25.371587302,感
26.023582766,你
26.349591837,年
26.675578231,年
27.653582766,日
27.979591837,日
28.958594104,继
29.284580499,续
29.610589569,留
29.936575964,下
30.588594104,我
30.914580499,指
31.566575964,纹
42.327596372,你
42.653582766,别
42.979591837,移
43.305578231,动
43.958594104,你
44.284580499,好
44.610589569,大
44.936575964,尘
47.545578231,快
47.871587302,用
48.197596372,肥
48.523582766,皂
49.175578231,擦
49.501587302,身
52.762585034,就
53.088594104,像
53.414580499,颈
53.740589569,炼
54.392585034,乖
54.719591837,乖
55.045578231,跟
55.371587302,我
56.023582766,贴
56.675578231,紧
57.327596372,我
57.493582766,们
57.653582766,明
57.979591837,明
58.958594104,蜜
59.284580499,运
60.262585034,宇
60.588594104,宙
60.914580499,唯
61.240589569,独
61.892585034,我
62.219591837,二
62.871587302,人
67.762585034,给
67.925578231,你
68.088594104,精
68.251587302,细
68.414580499,的
68.577596372,血
68.740589569,管
69.066575964,给
69.229591837,你
69.392585034,精
69.555578231,美
69.719591837,的
69.882585034,五
70.045578231,官
70.371587302,不
70.534580499,等
70.697596372,于
70.860589569,你
71.023582766,须
71.186575964,要
71.349591837,公
71.675578231,开
72.001587302,搞
72.327596372,试
72.653582766,用
73.305578231,给
73.469591837,你
73.632585034,一
73.795578231,柄
73.958594104,手
74.284580499,枪
74.610589569,不
74.773582766,要
74.936575964,给
75.099591837,你
75.262585034,子
75.588594104,弹
75.914580499,它
76.077596372,会
76.240589569,跟
76.403582766,你
76.566575964,缠
76.892585034,绵
77.219591837,地
77.545578231,沟
77.871587302,通
78.523582766,给
78.686575964,你
78.849591837,一
79.012585034,对
79.175578231,手
79.501587302,不
79.664580499,等
79.827596372,于
79.990589569,要
80.153582766,拥
80.316575964,呀
80.479591837,拥
80.805578231,不
80.969591837,要
81.132585034,拥
81.295578231,抱
81.458594104,拥
81.621587302,到
81.784580499,歇
82.110589569,斯
82.436575964,底
82.762585034,里
83.088594104,做
83.414580499,到
83.740589569,人
84.066575964,人
85.045578231,乐
85.371587302,用
86.349591837,这
86.675578231,是
87.001587302,承
87.327596372,诺
87.979591837,你
88.305578231,懂
88.632585034,不
88.958594104,懂
100.371587302,为
100.534580499,何
100.697596372,拿
101.023582766,甜
101.349591837,言
101.675578231,蜜
101.838594104,语
102.286802721,印
102.653582766,证
102.979591837,你
103.209795918,嘴
103.632585034,巴
103.958594104,有
104.284580499,用
104.936575964,别
105.262585034,以
105.588594104,为
105.914580499,长
106.240589569,期
106.566575964,陪
106.892585034,着
107.055578231,我
107.545578231,会
107.871587302,废
108.197596372,掉
108.523582766,嘴
108.849591837,角
109.175578231,武
109.501587302,功
110.805578231,为
110.969591837,何
111.132585034,拿
111.458594104,眉
111.784580499,头
112.110589569,额
112.273582766,角
112.762585034,印
113.088594104,证
113.414580499,你
113.740589569,美
114.066575964,色
114.392585034,有
114.719591837,用
115.697596372,记
116.023582766,住
116.349591837,潜
116.675578231,龙
117.653582766,勿
117.979591837,用
118.958594104,这
119.284580499,样
119.610589569,玄
119.936575964,妙
120.588594104,你
120.914580499,懂
121.240589569,不
121.566575964,懂