19.771337868,每
20.071337868,一
20.371337868,次
21.871337868,偷
22.171337868,偷
22.471337868,的
22.771337868,看
23.216326531,你
24.571337868,太
24.871337868,阳
25.171337868,晒
25.471337868,过
25.771337868,你
26.071337868,白
26.371337868,色
26.671337868,的
26.971337868,衬
27.271337868,衣
29.371337868,听
29.671337868,海
29.971337868,浪
31.471337868,安
31.771337868,静
32.071337868,而
32.371337868,动
32.821337868,听
33.871337868,有
34.171337868,间
34.471337868,奏
34.771337868,在
35.071337868,我
35.371337868,心
35.671337868,里
35.971337868,缓
36.271337868,缓
36.571337868,弹
36.871337868,钢
37.471337868,琴
38.671337868,我
38.971337868,们
39.271337868,有
39.571337868,找
39.871337868,不
40.171337868,到
40.471337868,原
40.771337868,因
41.071337868,又
41.371337868,奇
41.671337868,妙
41.971337868,的
42.271337868,默
42.571337868,契
43.471337868,你
43.771337868,眼
44.071337868,里
44.371337868,也
44.671337868,有
44.971337868,同
45.271337868,样
45.571337868,藏
45.871337868,不
46.171337868,住
46.471337868,的
46.771337868,孩
47.071337868,子
47.371337868,气
48.271337868,转
48.571337868,几
48.871337868,千
49.171337868,公
49.471337868,里
49.771337868,才
50.071337868,走
50.371337868,到
50.671337868,目
50.971337868,的
51.271337868,地
52.471337868,旅
52.771337868,程
53.071337868,多
53.371337868,美
53.671337868,丽
54.871337868,因
55.171337868,为
55.471337868,你
55.771337868,在
56.071337868,这
56.671337868,里
57.871337868,这
58.171337868,是
58.471337868,不
58.771337868,是
59.071337868,爱
59.371337868,情
60.271337868,像
60.571337868,一
60.871337868,场
61.171337868,旧
61.471337868,电
61.787346939,影
62.671337868,微
62.971337868,笑
63.271337868,或
63.571337868,沉
63.871337868,默
64.021337868,都
64.321337868,是
64.771337868,美
65.071337868,好
65.221337868,的
65.521337868,事
65.875011338,情
67.471337868,你
67.771337868,是
68.071337868,不
68.371337868,是
68.671337868,爱
68.971337868,情
69.871337868,或
70.171337868,只
70.471337868,是
70.771337868,陪
71.071337868,着
71.221337868,我
71.521337868,旅
71.819319728,行
72.871337868,同
73.171337868,看
74.071337868,过
74.371337868,这
74.671337868,一
74.821337868,路
75.121337868,风
75.571337868,景
77.371337868,这
77.671337868,一
77.971337868,路
79.471337868,我
79.771337868,走
80.071337868,走
80.371337868,停
80.671337868,停
82.171337868,谁
82.471337868,都
82.771337868,带
83.071337868,着
83.371337868,回
83.671337868,忆
83.971337868,一
84.271337868,起
84.571337868,远
84.871337868,行
86.971337868,坐
87.271337868,慢
87.571337868,车
89.071337868,倒
89.371337868,退
89.671337868,看
89.971337868,风
90.421337868,景
91.771337868,原
92.071337868,来
92.371337868,下
92.671337868,错
92.971337868,了
93.271337868,站
93.571337868,才
93.871337868,能
94.171337868,遇
94.471337868,见
95.071337868,你
96.271337868,我
96.571337868,们
96.871337868,有
97.171337868,找
97.471337868,不
97.771337868,到
98.071337868,原
98.371337868,因
98.671337868,又
98.971337868,奇
99.271337868,妙
99.571337868,的
99.871337868,默
100.171337868,契
101.071337868,你
101.371337868,眼
101.671337868,里
101.971337868,也
102.271337868,有
102.571337868,同
102.871337868,样
103.171337868,藏
103.471337868,不
103.771337868,住
104.071337868,的
104.371337868,孩
104.671337868,子
104.971337868,气
105.871337868,转
106.171337868,几
106.471337868,千
106.771337868,公
107.071337868,里
107.371337868,才
107.671337868,到
107.971337868,这
108.271337868,目
108.571337868,的
108.871337868,地
109.171337868,地
110.071337868,沿
110.371337868,路
110.671337868,的
110.971337868,美
111.271337868,丽
112.471337868,都
112.771337868,是
113.071337868,因
113.371337868,为
113.671337868,你
115.471337868,这
115.771337868,是
116.071337868,不
116.371337868,是
116.671337868,爱
116.971337868,情
117.871337868,像
118.171337868,一
118.471337868,场
118.771337868,旧
119.071337868,电
119.377346939,影
120.271337868,微
120.571337868,笑
120.871337868,或
121.171337868,沉
121.471337868,默
121.621337868,都
121.921337868,是
122.371337868,美
122.671337868,好
122.821337868,的
123.121337868,事
123.493877551,情
125.071337868,你
125.371337868,是
125.671337868,不
125.971337868,是
126.271337868,爱
126.571337868,情
127.471337868,或
127.771337868,只
128.071337868,是
128.371337868,陪
128.671337868,着
128.821337868,我
129.121337868,旅
129.571337868,行
130.471337868,同
130.771337868,看
131.671337868,过
131.971337868,这
132.271337868,一
132.421337868,路
132.721337868,风
133.076462585,景
134.671337868,云
134.971337868,朵
135.271337868,在
135.571337868,眨
135.871337868,眼
137.071337868,空
137.371337868,气
137.671337868,很
137.971337868,香
138.271337868,甜
139.471337868,我
139.771337868,们
140.071337868,走
140.371337868,很
140.671337868,远
141.871337868,忘
142.171337868,记
142.471337868,了
142.771337868,时
143.071337868,间
144.271337868,你
144.571337868,在
144.871337868,我
145.171337868,身
145.471337868,边
146.671337868,只
146.971337868,好
147.271337868,让
147.571337868,全
148.171337868,世
148.665306122,界
149.671337868,陪
149.971337868,我
150.871337868,一
151.171337868,起
151.771337868,流
152.071337868,连
153.871337868,这
154.171337868,是
154.471337868,不
154.771337868,是
155.071337868,爱
155.221337868,情
156.271337868,像
156.571337868,一
156.871337868,场
157.171337868,旧
157.471337868,电
157.621337868,影
158.671337868,微
158.971337868,笑
159.271337868,或
159.571337868,沉
159.871337868,默
160.021337868,都
160.321337868,是
160.771337868,美
161.071337868,好
161.221337868,的
161.521337868,事
161.971337868,情
163.471337868,你
163.771337868,是
164.071337868,不
164.371337868,是
164.671337868,爱
164.821337868,情
165.871337868,或
166.171337868,只
166.471337868,是
166.771337868,陪
167.071337868,着
167.221337868,我
167.521337868,旅
167.971337868,行
168.871337868,至
169.171337868,少
170.071337868,我
170.371337868,没
170.671337868,错
170.821337868,过
171.121337868,风
171.461224490,景
172.471337868,喔
173.971337868,呵
175.471337868,呵
176.371337868,呵
176.971337868,呵
179.071337868,嘿
179.671337868,嘿
180.257142857,New Point
180.751020408,New Point
180.869387755,New Point
181.012244898,New Point
181.171337868,耶
182.671337868,你
182.971337868,看
183.271337868,着
183.571337868,我
183.871337868,眼
184.089795918,睛
185.071337868,牵
185.371337868,着
185.671337868,我
185.971337868,的
186.271337868,手
186.421337868,等
186.721337868,天
187.065306122,明
188.071337868,告
188.371337868,诉
189.271337868,我
189.571337868,这
189.871337868,就
190.021337868,是
190.321337868,爱
190.697959184,情